"","team_one","team_two","score_one","score_two","rank_team_one","conf_team_one","rank_team_two","conf_team_two","year","host_region","home_cont_one","home_cont_two","team_one_win","team_two_win","draw"
"1","Argentina","Hungary",2,1,1924,"CONMEBOL",1919,"UEFA",1978,"CONMEBOL","1","0","1","0","0"
"2","Italy","France",2,1,1934,"UEFA",1880,"UEFA",1978,"CONMEBOL","0","0","1","0","0"
"3","Argentina","France",2,1,1924,"CONMEBOL",1880,"UEFA",1978,"CONMEBOL","1","0","1","0","0"
"4","Italy","Hungary",3,1,1934,"UEFA",1919,"UEFA",1978,"CONMEBOL","0","0","1","0","0"
"5","Argentina","Italy",0,1,1924,"CONMEBOL",1934,"UEFA",1978,"CONMEBOL","1","0","0","1","0"
"6","France","Hungary",3,1,1880,"UEFA",1919,"UEFA",1978,"CONMEBOL","0","0","1","0","0"
"7","Poland","West Germany",0,0,1941,"UEFA",2082,"UEFA",1978,"CONMEBOL","0","0","0","0","1"
"8","Tunisia","Mexico",3,1,1678,"CAF",1793,"CONCACAF",1978,"CONMEBOL","0","0","1","0","0"
"9","Poland","Tunisia",1,0,1941,"UEFA",1678,"CAF",1978,"CONMEBOL","0","0","1","0","0"
"10","West Germany","Mexico",6,0,2082,"UEFA",1793,"CONCACAF",1978,"CONMEBOL","0","0","1","0","0"
"11","Poland","Mexico",3,1,1941,"UEFA",1793,"CONCACAF",1978,"CONMEBOL","0","0","1","0","0"
"12","Tunisia","West Germany",0,0,1678,"CAF",2082,"UEFA",1978,"CONMEBOL","0","0","0","0","1"
"13","Austria","Spain",2,1,1859,"UEFA",1956,"UEFA",1978,"CONMEBOL","0","0","1","0","0"
"14","Brazil","Sweden",1,1,2077,"CONMEBOL",1790,"UEFA",1978,"CONMEBOL","1","0","0","0","1"
"15","Austria","Sweden",1,0,1859,"UEFA",1790,"UEFA",1978,"CONMEBOL","0","0","1","0","0"
"16","Brazil","Spain",0,0,2077,"CONMEBOL",1956,"UEFA",1978,"CONMEBOL","1","0","0","0","1"
"17","Brazil","Austria",1,0,2077,"CONMEBOL",1859,"UEFA",1978,"CONMEBOL","1","0","1","0","0"
"18","Spain","Sweden",1,0,1956,"UEFA",1790,"UEFA",1978,"CONMEBOL","0","0","1","0","0"
"19","Netherlands","Iran",3,0,2091,"UEFA",1773,"AFC",1978,"CONMEBOL","0","0","1","0","0"
"20","Peru","Scotland",3,1,1754,"CONMEBOL",1941,"UEFA",1978,"CONMEBOL","1","0","1","0","0"
"21","Iran","Scotland",1,1,1773,"AFC",1941,"UEFA",1978,"CONMEBOL","0","0","0","0","1"
"22","Netherlands","Peru",0,0,2091,"UEFA",1754,"CONMEBOL",1978,"CONMEBOL","0","1","0","0","1"
"23","Peru","Iran",4,1,1754,"CONMEBOL",1773,"AFC",1978,"CONMEBOL","1","0","1","0","0"
"24","Scotland","Netherlands",3,2,1941,"UEFA",2091,"UEFA",1978,"CONMEBOL","0","0","1","0","0"
"25","Italy","West Germany",0,0,1934,"UEFA",2082,"UEFA",1978,"CONMEBOL","0","0","0","0","1"
"26","Netherlands","Austria",5,1,2091,"UEFA",1859,"UEFA",1978,"CONMEBOL","0","0","1","0","0"
"27","Italy","Austria",1,0,1934,"UEFA",1859,"UEFA",1978,"CONMEBOL","0","0","1","0","0"
"28","Netherlands","West Germany",2,2,2091,"UEFA",2082,"UEFA",1978,"CONMEBOL","0","0","0","0","1"
"29","Austria","West Germany",3,2,1859,"UEFA",2082,"UEFA",1978,"CONMEBOL","0","0","1","0","0"
"30","Netherlands","Italy",2,1,2091,"UEFA",1934,"UEFA",1978,"CONMEBOL","0","0","1","0","0"
"31","Argentina","Poland",2,0,1924,"CONMEBOL",1941,"UEFA",1978,"CONMEBOL","1","0","1","0","0"
"32","Brazil","Peru",3,0,2077,"CONMEBOL",1754,"CONMEBOL",1978,"CONMEBOL","1","1","1","0","0"
"33","Argentina","Brazil",0,0,1924,"CONMEBOL",2077,"CONMEBOL",1978,"CONMEBOL","1","1","0","0","1"
"34","Poland","Peru",1,0,1941,"UEFA",1754,"CONMEBOL",1978,"CONMEBOL","0","1","1","0","0"
"35","Argentina","Peru",6,0,1924,"CONMEBOL",1754,"CONMEBOL",1978,"CONMEBOL","1","1","1","0","0"
"36","Brazil","Poland",3,1,2077,"CONMEBOL",1941,"UEFA",1978,"CONMEBOL","1","0","1","0","0"
"37","Brazil","Italy",2,1,2077,"CONMEBOL",1934,"UEFA",1978,"CONMEBOL","1","0","1","0","0"
"38","Argentina","Netherlands",3,1,1924,"CONMEBOL",2091,"UEFA",1978,"CONMEBOL","1","0","1","0","0"
"39","Italy","Poland",0,0,1891,"UEFA",1958,"UEFA",1982,"UEFA","1","1","0","0","1"
"40","Cameroon","Peru",0,0,1665,"CAF",1774,"CONMEBOL",1982,"UEFA","0","0","0","0","1"
"41","Italy","Peru",1,1,1891,"UEFA",1774,"CONMEBOL",1982,"UEFA","1","0","0","0","1"
"42","Cameroon","Poland",0,0,1665,"CAF",1958,"UEFA",1982,"UEFA","0","1","0","0","1"
"43","Poland","Peru",5,1,1958,"UEFA",1774,"CONMEBOL",1982,"UEFA","1","0","1","0","0"
"44","Cameroon","Italy",1,1,1665,"CAF",1891,"UEFA",1982,"UEFA","0","1","0","0","1"
"45","Algeria","West Germany",2,1,1644,"CAF",2107,"UEFA",1982,"UEFA","0","1","1","0","0"
"46","Austria","Chile",1,0,1916,"UEFA",1770,"CONMEBOL",1982,"UEFA","1","0","1","0","0"
"47","West Germany","Chile",4,1,2107,"UEFA",1770,"CONMEBOL",1982,"UEFA","1","0","1","0","0"
"48","Austria","Algeria",2,0,1916,"UEFA",1644,"CAF",1982,"UEFA","1","0","1","0","0"
"49","Algeria","Chile",3,2,1644,"CAF",1770,"CONMEBOL",1982,"UEFA","0","0","1","0","0"
"50","West Germany","Austria",1,0,2107,"UEFA",1916,"UEFA",1982,"UEFA","1","1","1","0","0"
"51","Belgium","Argentina",1,0,1912,"UEFA",2002,"CONMEBOL",1982,"UEFA","1","0","1","0","0"
"52","Hungary","El Salvador",10,1,1798,"UEFA",1610,"CONCACAF",1982,"UEFA","1","0","1","0","0"
"53","Argentina","Hungary",4,1,2002,"CONMEBOL",1798,"UEFA",1982,"UEFA","0","1","1","0","0"
"54","Belgium","El Salvador",1,0,1912,"UEFA",1610,"CONCACAF",1982,"UEFA","1","0","1","0","0"
"55","Belgium","Hungary",1,1,1912,"UEFA",1798,"UEFA",1982,"UEFA","1","1","0","0","1"
"56","Argentina","El Salvador",2,0,2002,"CONMEBOL",1610,"CONCACAF",1982,"UEFA","0","0","1","0","0"
"57","England","France",3,1,1965,"UEFA",1891,"UEFA",1982,"UEFA","1","1","1","0","0"
"58","Czechoslovakia","Kuwait",1,1,1897,"UEFA",1633,"AFC",1982,"UEFA","1","0","0","0","1"
"59","England","Czechoslovakia",2,0,1965,"UEFA",1897,"UEFA",1982,"UEFA","1","1","1","0","0"
"60","France","Kuwait",4,1,1891,"UEFA",1633,"AFC",1982,"UEFA","1","0","1","0","0"
"61","Czechoslovakia","France",1,1,1897,"UEFA",1891,"UEFA",1982,"UEFA","1","1","0","0","1"
"62","England","Kuwait",1,0,1965,"UEFA",1633,"AFC",1982,"UEFA","1","0","1","0","0"
"63","Spain","Honduras",1,1,1887,"UEFA",1600,"CONCACAF",1982,"UEFA","1","0","0","0","1"
"64","Northern Ireland","Yugoslavia",0,0,1738,"UEFA",1914,"UEFA",1982,"UEFA","1","1","0","0","1"
"65","Spain","Yugoslavia",2,1,1887,"UEFA",1914,"UEFA",1982,"UEFA","1","1","1","0","0"
"66","Honduras","Northern Ireland",1,1,1600,"CONCACAF",1738,"UEFA",1982,"UEFA","0","1","0","0","1"
"67","Yugoslavia","Honduras",1,0,1914,"UEFA",1600,"CONCACAF",1982,"UEFA","1","0","1","0","0"
"68","Spain","Northern Ireland",0,1,1887,"UEFA",1738,"UEFA",1982,"UEFA","1","1","0","1","0"
"69","Brazil","Soviet Union",2,1,2091,"CONMEBOL",2015,"UEFA",1982,"UEFA","0","1","1","0","0"
"70","Scotland","New Zealand",5,2,1836,"UEFA",1600,"OFC",1982,"UEFA","1","0","1","0","0"
"71","Brazil","Scotland",4,1,2091,"CONMEBOL",1836,"UEFA",1982,"UEFA","0","1","1","0","0"
"72","Soviet Union","New Zealand",3,0,2015,"UEFA",1600,"OFC",1982,"UEFA","1","0","1","0","0"
"73","Scotland","Soviet Union",2,2,1836,"UEFA",2015,"UEFA",1982,"UEFA","1","1","0","0","1"
"74","Brazil","New Zealand",4,0,2091,"CONMEBOL",1600,"OFC",1982,"UEFA","0","0","1","0","0"
"75","Poland","Belgium",3,0,1958,"UEFA",1912,"UEFA",1982,"UEFA","1","1","1","0","0"
"76","Soviet Union","Belgium",1,0,2015,"UEFA",1912,"UEFA",1982,"UEFA","1","1","1","0","0"
"77","Poland","Soviet Union",0,0,1958,"UEFA",2015,"UEFA",1982,"UEFA","1","1","0","0","1"
"78","England","West Germany",0,0,1965,"UEFA",2107,"UEFA",1982,"UEFA","1","1","0","0","1"
"79","Spain","West Germany",1,2,1887,"UEFA",2107,"UEFA",1982,"UEFA","1","1","0","1","0"
"80","Spain","England",0,0,1887,"UEFA",1965,"UEFA",1982,"UEFA","1","1","0","0","1"
"81","Italy","Argentina",2,1,1891,"UEFA",2002,"CONMEBOL",1982,"UEFA","1","0","1","0","0"
"82","Brazil","Argentina",3,1,2091,"CONMEBOL",2002,"CONMEBOL",1982,"UEFA","0","0","1","0","0"
"83","Italy","Brazil",3,2,1891,"UEFA",2091,"CONMEBOL",1982,"UEFA","1","0","1","0","0"
"84","France","Austria",1,0,1891,"UEFA",1916,"UEFA",1982,"UEFA","1","1","1","0","0"
"85","Austria","Northern Ireland",2,2,1916,"UEFA",1738,"UEFA",1982,"UEFA","1","1","0","0","1"
"86","France","Northern Ireland",4,1,1891,"UEFA",1738,"UEFA",1982,"UEFA","1","1","1","0","0"
"87","France","West Germany",3,3,1891,"UEFA",2107,"UEFA",1982,"UEFA","1","1","0","0","1"
"88","Italy","Poland",2,0,1891,"UEFA",1958,"UEFA",1982,"UEFA","1","1","1","0","0"
"89","Poland","France",3,2,1958,"UEFA",1891,"UEFA",1982,"UEFA","1","1","1","0","0"
"90","Italy","West Germany",3,1,1891,"UEFA",2107,"UEFA",1982,"UEFA","1","1","1","0","0"
"91","Bulgaria","Italy",1,1,1844,"UEFA",1879,"UEFA",1986,"CONCACAF","0","0","0","0","1"
"92","Argentina","South Korea",3,1,1871,"CONMEBOL",1624,"AFC",1986,"CONCACAF","0","0","1","0","0"
"93","Argentina","Italy",1,1,1871,"CONMEBOL",1879,"UEFA",1986,"CONCACAF","0","0","0","0","1"
"94","Bulgaria","South Korea",1,1,1844,"UEFA",1624,"AFC",1986,"CONCACAF","0","0","0","0","1"
"95","Argentina","Bulgaria",2,0,1871,"CONMEBOL",1844,"UEFA",1986,"CONCACAF","0","0","1","0","0"
"96","Italy","South Korea",3,2,1879,"UEFA",1624,"AFC",1986,"CONCACAF","0","0","1","0","0"
"97","Mexico","Belgium",2,1,1843,"CONCACAF",1822,"UEFA",1986,"CONCACAF","1","0","1","0","0"
"98","Paraguay","Iraq",1,0,1810,"CONMEBOL",1617,"AFC",1986,"CONCACAF","0","0","1","0","0"
"99","Mexico","Paraguay",1,1,1843,"CONCACAF",1810,"CONMEBOL",1986,"CONCACAF","1","0","0","0","1"
"100","Belgium","Iraq",2,1,1822,"UEFA",1617,"AFC",1986,"CONCACAF","0","0","1","0","0"
"101","Belgium","Paraguay",2,2,1822,"UEFA",1810,"CONMEBOL",1986,"CONCACAF","0","0","0","0","1"
"102","Mexico","Iraq",1,0,1843,"CONCACAF",1617,"AFC",1986,"CONCACAF","1","0","1","0","0"
"103","France","Canada",1,0,2001,"UEFA",1641,"CONCACAF",1986,"CONCACAF","0","1","1","0","0"
"104","Soviet Union","Hungary",6,0,1941,"UEFA",1889,"UEFA",1986,"CONCACAF","0","0","1","0","0"
"105","France","Soviet Union",1,1,2001,"UEFA",1941,"UEFA",1986,"CONCACAF","0","0","0","0","1"
"106","Hungary","Canada",2,0,1889,"UEFA",1641,"CONCACAF",1986,"CONCACAF","0","1","1","0","0"
"107","France","Hungary",3,0,2001,"UEFA",1889,"UEFA",1986,"CONCACAF","0","0","1","0","0"
"108","Soviet Union","Canada",2,0,1941,"UEFA",1641,"CONCACAF",1986,"CONCACAF","0","1","1","0","0"
"109","Brazil","Spain",1,0,1941,"CONMEBOL",1870,"UEFA",1986,"CONCACAF","0","0","1","0","0"
"110","Algeria","Northern Ireland",1,1,1615,"CAF",1849,"UEFA",1986,"CONCACAF","0","0","0","0","1"
"111","Brazil","Algeria",1,0,1941,"CONMEBOL",1615,"CAF",1986,"CONCACAF","0","0","1","0","0"
"112","Spain","Northern Ireland",2,1,1870,"UEFA",1849,"UEFA",1986,"CONCACAF","0","0","1","0","0"
"113","Brazil","Northern Ireland",3,0,1941,"CONMEBOL",1849,"UEFA",1986,"CONCACAF","0","0","1","0","0"
"114","Spain","Algeria",3,0,1870,"UEFA",1615,"CAF",1986,"CONCACAF","0","0","1","0","0"
"115","Denmark","Scotland",1,0,1889,"UEFA",1873,"UEFA",1986,"CONCACAF","0","0","1","0","0"
"116","Uruguay","West Germany",1,1,1830,"CONMEBOL",1938,"UEFA",1986,"CONCACAF","0","0","0","0","1"
"117","Denmark","Uruguay",6,1,1889,"UEFA",1830,"CONMEBOL",1986,"CONCACAF","0","0","1","0","0"
"118","West Germany","Scotland",2,1,1938,"UEFA",1873,"UEFA",1986,"CONCACAF","0","0","1","0","0"
"119","Denmark","West Germany",2,0,1889,"UEFA",1938,"UEFA",1986,"CONCACAF","0","0","1","0","0"
"120","Scotland","Uruguay",0,0,1873,"UEFA",1830,"CONMEBOL",1986,"CONCACAF","0","0","0","0","1"
"121","Morocco","Poland",0,0,1643,"CAF",1804,"UEFA",1986,"CONCACAF","0","0","0","0","1"
"122","Portugal","England",1,0,1806,"UEFA",1989,"UEFA",1986,"CONCACAF","0","0","1","0","0"
"123","England","Morocco",0,0,1989,"UEFA",1643,"CAF",1986,"CONCACAF","0","0","0","0","1"
"124","Poland","Portugal",1,0,1804,"UEFA",1806,"UEFA",1986,"CONCACAF","0","0","1","0","0"
"125","England","Poland",3,0,1989,"UEFA",1804,"UEFA",1986,"CONCACAF","0","0","1","0","0"
"126","Morocco","Portugal",3,1,1643,"CAF",1806,"UEFA",1986,"CONCACAF","0","0","1","0","0"
"127","Belgium","Soviet Union",4,3,1822,"UEFA",1941,"UEFA",1986,"CONCACAF","0","0","1","0","0"
"128","Mexico","Bulgaria",2,0,1843,"CONCACAF",1844,"UEFA",1986,"CONCACAF","1","0","1","0","0"
"129","Argentina","Uruguay",1,0,1871,"CONMEBOL",1830,"CONMEBOL",1986,"CONCACAF","0","0","1","0","0"
"130","Brazil","Poland",4,0,1941,"CONMEBOL",1804,"UEFA",1986,"CONCACAF","0","0","1","0","0"
"131","France","Italy",2,0,2001,"UEFA",1879,"UEFA",1986,"CONCACAF","0","0","1","0","0"
"132","West Germany","Morocco",1,0,1938,"UEFA",1643,"CAF",1986,"CONCACAF","0","0","1","0","0"
"133","England","Paraguay",3,0,1989,"UEFA",1810,"CONMEBOL",1986,"CONCACAF","0","0","1","0","0"
"134","Spain","Denmark",5,1,1870,"UEFA",1889,"UEFA",1986,"CONCACAF","0","0","1","0","0"
"135","Brazil","France",1,1,1941,"CONMEBOL",2001,"UEFA",1986,"CONCACAF","0","0","0","0","1"
"136","Mexico","West Germany",0,0,1843,"CONCACAF",1938,"UEFA",1986,"CONCACAF","1","0","0","0","1"
"137","Argentina","England",2,1,1871,"CONMEBOL",1989,"UEFA",1986,"CONCACAF","0","0","1","0","0"
"138","Belgium","Spain",1,1,1822,"UEFA",1870,"UEFA",1986,"CONCACAF","0","0","0","0","1"
"139","Argentina","Belgium",2,0,1871,"CONMEBOL",1822,"UEFA",1986,"CONCACAF","0","0","1","0","0"
"140","West Germany","France",2,0,1938,"UEFA",2001,"UEFA",1986,"CONCACAF","0","0","1","0","0"
"141","France","Belgium",4,2,2001,"UEFA",1822,"UEFA",1986,"CONCACAF","0","0","1","0","0"
"142","Argentina","West Germany",3,2,1871,"CONMEBOL",1938,"UEFA",1986,"CONCACAF","0","0","1","0","0"
"143","Italy","Austria",1,0,1964,"UEFA",1765,"UEFA",1990,"UEFA","1","1","1","0","0"
"144","Czechoslovakia","United States",5,1,1854,"UEFA",1590,"CONCACAF",1990,"UEFA","1","0","1","0","0"
"145","Italy","United States",1,0,1964,"UEFA",1590,"CONCACAF",1990,"UEFA","1","0","1","0","0"
"146","Czechoslovakia","Austria",1,0,1854,"UEFA",1765,"UEFA",1990,"UEFA","1","1","1","0","0"
"147","Austria","United States",2,1,1765,"UEFA",1590,"CONCACAF",1990,"UEFA","1","0","1","0","0"
"148","Italy","Czechoslovakia",2,0,1964,"UEFA",1854,"UEFA",1990,"UEFA","1","1","1","0","0"
"149","Cameroon","Argentina",1,0,1634,"CAF",1793,"CONMEBOL",1990,"UEFA","0","0","1","0","0"
"150","Romania","Soviet Union",2,0,1894,"UEFA",1942,"UEFA",1990,"UEFA","1","1","1","0","0"
"151","Argentina","Soviet Union",2,0,1793,"CONMEBOL",1942,"UEFA",1990,"UEFA","0","1","1","0","0"
"152","Cameroon","Romania",2,1,1634,"CAF",1894,"UEFA",1990,"UEFA","0","1","1","0","0"
"153","Argentina","Romania",1,1,1793,"CONMEBOL",1894,"UEFA",1990,"UEFA","0","1","0","0","1"
"154","Soviet Union","Cameroon",4,0,1942,"UEFA",1634,"CAF",1990,"UEFA","1","0","1","0","0"
"155","Brazil","Sweden",2,1,1990,"CONMEBOL",1953,"UEFA",1990,"UEFA","0","1","1","0","0"
"156","Costa Rica","Scotland",1,0,1609,"CONCACAF",1738,"UEFA",1990,"UEFA","0","1","1","0","0"
"157","Brazil","Costa Rica",1,0,1990,"CONMEBOL",1609,"CONCACAF",1990,"UEFA","0","0","1","0","0"
"158","Scotland","Sweden",2,1,1738,"UEFA",1953,"UEFA",1990,"UEFA","1","1","1","0","0"
"159","Brazil","Scotland",1,0,1990,"CONMEBOL",1738,"UEFA",1990,"UEFA","0","1","1","0","0"
"160","Costa Rica","Sweden",2,1,1609,"CONCACAF",1953,"UEFA",1990,"UEFA","0","1","1","0","0"
"161","Colombia","United Arab Emirates",2,0,1814,"CONMEBOL",1461,"AFC",1990,"UEFA","0","0","1","0","0"
"162","West Germany","Yugoslavia",4,1,1993,"UEFA",1907,"UEFA",1990,"UEFA","1","1","1","0","0"
"163","Yugoslavia","Colombia",1,0,1907,"UEFA",1814,"CONMEBOL",1990,"UEFA","1","0","1","0","0"
"164","West Germany","United Arab Emirates",5,1,1993,"UEFA",1461,"AFC",1990,"UEFA","1","0","1","0","0"
"165","Colombia","West Germany",1,1,1814,"CONMEBOL",1993,"UEFA",1990,"UEFA","0","1","0","0","1"
"166","Yugoslavia","United Arab Emirates",4,1,1907,"UEFA",1461,"AFC",1990,"UEFA","1","0","1","0","0"
"167","Belgium","South Korea",2,0,1832,"UEFA",1749,"AFC",1990,"UEFA","1","0","1","0","0"
"168","Spain","Uruguay",0,0,1926,"UEFA",1889,"CONMEBOL",1990,"UEFA","1","0","0","0","1"
"169","Belgium","Uruguay",3,1,1832,"UEFA",1889,"CONMEBOL",1990,"UEFA","1","0","1","0","0"
"170","Spain","South Korea",3,1,1926,"UEFA",1749,"AFC",1990,"UEFA","1","0","1","0","0"
"171","Spain","Belgium",2,1,1926,"UEFA",1832,"UEFA",1990,"UEFA","1","1","1","0","0"
"172","Uruguay","South Korea",1,0,1889,"CONMEBOL",1749,"AFC",1990,"UEFA","0","0","1","0","0"
"173","England","Ireland",1,1,1951,"UEFA",1887,"UEFA",1990,"UEFA","1","1","0","0","1"
"174","Egypt","Netherlands",1,1,1641,"CAF",2016,"UEFA",1990,"UEFA","0","1","0","0","1"
"175","England","Netherlands",0,0,1951,"UEFA",2016,"UEFA",1990,"UEFA","1","1","0","0","1"
"176","Egypt","Ireland",0,0,1641,"CAF",1887,"UEFA",1990,"UEFA","0","1","0","0","1"
"177","England","Egypt",1,0,1951,"UEFA",1641,"CAF",1990,"UEFA","1","0","1","0","0"
"178","Ireland","Netherlands",1,1,1887,"UEFA",2016,"UEFA",1990,"UEFA","1","1","0","0","1"
"179","Cameroon","Colombia",2,1,1634,"CAF",1814,"CONMEBOL",1990,"UEFA","0","0","1","0","0"
"180","Czechoslovakia","Costa Rica",4,1,1854,"UEFA",1609,"CONCACAF",1990,"UEFA","1","0","1","0","0"
"181","Argentina","Brazil",1,0,1793,"CONMEBOL",1990,"CONMEBOL",1990,"UEFA","0","0","1","0","0"
"182","West Germany","Netherlands",2,1,1993,"UEFA",2016,"UEFA",1990,"UEFA","1","1","1","0","0"
"183","Ireland","Romania",0,0,1887,"UEFA",1894,"UEFA",1990,"UEFA","1","1","0","0","1"
"184","Italy","Uruguay",2,0,1964,"UEFA",1889,"CONMEBOL",1990,"UEFA","1","0","1","0","0"
"185","England","Belgium",1,0,1951,"UEFA",1832,"UEFA",1990,"UEFA","1","1","1","0","0"
"186","Yugoslavia","Spain",2,1,1907,"UEFA",1926,"UEFA",1990,"UEFA","1","1","1","0","0"
"187","Argentina","Yugoslavia",0,0,1793,"CONMEBOL",1907,"UEFA",1990,"UEFA","0","1","0","0","1"
"188","Italy","Ireland",1,0,1964,"UEFA",1887,"UEFA",1990,"UEFA","1","1","1","0","0"
"189","England","Cameroon",3,2,1951,"UEFA",1634,"CAF",1990,"UEFA","1","0","1","0","0"
"190","West Germany","Czechoslovakia",1,0,1993,"UEFA",1854,"UEFA",1990,"UEFA","1","1","1","0","0"
"191","Italy","Argentina",1,1,1964,"UEFA",1793,"CONMEBOL",1990,"UEFA","1","0","0","0","1"
"192","England","West Germany",1,1,1951,"UEFA",1993,"UEFA",1990,"UEFA","1","1","0","0","1"
"193","Italy","England",2,1,1964,"UEFA",1951,"UEFA",1990,"UEFA","1","1","1","0","0"
"194","West Germany","Argentina",1,0,1993,"UEFA",1793,"CONMEBOL",1990,"UEFA","1","0","1","0","0"
"195","Romania","Colombia",3,1,1834,"UEFA",1931,"CONMEBOL",1994,"CONCACAF","0","0","1","0","0"
"196","United States","Switzerland",1,1,1590,"CONCACAF",1882,"UEFA",1994,"CONCACAF","1","0","0","0","1"
"197","Switzerland","Romania",4,1,1882,"UEFA",1834,"UEFA",1994,"CONCACAF","0","0","1","0","0"
"198","United States","Colombia",2,1,1590,"CONCACAF",1931,"CONMEBOL",1994,"CONCACAF","1","0","1","0","0"
"199","Colombia","Switzerland",2,0,1931,"CONMEBOL",1882,"UEFA",1994,"CONCACAF","0","0","1","0","0"
"200","United States","Romania",0,1,1590,"CONCACAF",1834,"UEFA",1994,"CONCACAF","1","0","0","1","0"
"201","Cameroon","Sweden",2,2,1686,"CAF",1900,"UEFA",1994,"CONCACAF","0","0","0","0","1"
"202","Brazil","Russia",2,0,1961,"CONMEBOL",1865,"UEFA",1994,"CONCACAF","0","0","1","0","0"
"203","Brazil","Cameroon",3,0,1961,"CONMEBOL",1686,"CAF",1994,"CONCACAF","0","0","1","0","0"
"204","Sweden","Russia",3,1,1900,"UEFA",1865,"UEFA",1994,"CONCACAF","0","0","1","0","0"
"205","Brazil","Sweden",1,1,1961,"CONMEBOL",1900,"UEFA",1994,"CONCACAF","0","0","0","0","1"
"206","Russia","Cameroon",6,1,1865,"UEFA",1686,"CAF",1994,"CONCACAF","0","0","1","0","0"
"207","Germany","Bolivia",1,0,1997,"UEFA",1702,"CONMEBOL",1994,"CONCACAF","0","0","1","0","0"
"208","South Korea","Spain",2,2,1663,"AFC",1881,"UEFA",1994,"CONCACAF","0","0","0","0","1"
"209","Germany","Spain",1,1,1997,"UEFA",1881,"UEFA",1994,"CONCACAF","0","0","0","0","1"
"210","Bolivia","South Korea",0,0,1702,"CONMEBOL",1663,"AFC",1994,"CONCACAF","0","0","0","0","1"
"211","Germany","South Korea",3,2,1997,"UEFA",1663,"AFC",1994,"CONCACAF","0","0","1","0","0"
"212","Spain","Bolivia",3,1,1881,"UEFA",1702,"CONMEBOL",1994,"CONCACAF","0","0","1","0","0"
"213","Argentina","Greece",4,0,1913,"CONMEBOL",1694,"UEFA",1994,"CONCACAF","0","0","1","0","0"
"214","Nigeria","Bulgaria",3,0,1737,"CAF",1777,"UEFA",1994,"CONCACAF","0","0","1","0","0"
"215","Argentina","Nigeria",2,1,1913,"CONMEBOL",1737,"CAF",1994,"CONCACAF","0","0","1","0","0"
"216","Bulgaria","Greece",4,0,1777,"UEFA",1694,"UEFA",1994,"CONCACAF","0","0","1","0","0"
"217","Bulgaria","Argentina",2,0,1777,"UEFA",1913,"CONMEBOL",1994,"CONCACAF","0","0","1","0","0"
"218","Nigeria","Greece",2,0,1737,"CAF",1694,"UEFA",1994,"CONCACAF","0","0","1","0","0"
"219","Ireland","Italy",1,0,1901,"UEFA",1978,"UEFA",1994,"CONCACAF","0","0","1","0","0"
"220","Norway","Mexico",1,0,1860,"UEFA",1858,"CONCACAF",1994,"CONCACAF","0","1","1","0","0"
"221","Italy","Norway",1,0,1978,"UEFA",1860,"UEFA",1994,"CONCACAF","0","0","1","0","0"
"222","Mexico","Ireland",2,1,1858,"CONCACAF",1901,"UEFA",1994,"CONCACAF","1","0","1","0","0"
"223","Ireland","Norway",0,0,1901,"UEFA",1860,"UEFA",1994,"CONCACAF","0","0","0","0","1"
"224","Italy","Mexico",1,1,1978,"UEFA",1858,"CONCACAF",1994,"CONCACAF","0","1","0","0","1"
"225","Belgium","Morocco",1,0,1808,"UEFA",1672,"CAF",1994,"CONCACAF","0","0","1","0","0"
"226","Netherlands","Saudi Arabia",2,1,1986,"UEFA",1632,"AFC",1994,"CONCACAF","0","0","1","0","0"
"227","Belgium","Netherlands",1,0,1808,"UEFA",1986,"UEFA",1994,"CONCACAF","0","0","1","0","0"
"228","Saudi Arabia","Morocco",2,1,1632,"AFC",1672,"CAF",1994,"CONCACAF","0","0","1","0","0"
"229","Netherlands","Morocco",2,1,1986,"UEFA",1672,"CAF",1994,"CONCACAF","0","0","1","0","0"
"230","Saudi Arabia","Belgium",1,0,1632,"AFC",1808,"UEFA",1994,"CONCACAF","0","0","1","0","0"
"231","Germany","Belgium",3,2,1997,"UEFA",1808,"UEFA",1994,"CONCACAF","0","0","1","0","0"
"232","Spain","Switzerland",3,0,1881,"UEFA",1882,"UEFA",1994,"CONCACAF","0","0","1","0","0"
"233","Romania","Argentina",3,2,1834,"UEFA",1913,"CONMEBOL",1994,"CONCACAF","0","0","1","0","0"
"234","Sweden","Saudi Arabia",3,1,1900,"UEFA",1632,"AFC",1994,"CONCACAF","0","0","1","0","0"
"235","Netherlands","Ireland",2,0,1986,"UEFA",1901,"UEFA",1994,"CONCACAF","0","0","1","0","0"
"236","United States","Brazil",0,1,1590,"CONCACAF",1961,"CONMEBOL",1994,"CONCACAF","1","0","0","1","0"
"237","Bulgaria","Mexico",1,1,1777,"UEFA",1858,"CONCACAF",1994,"CONCACAF","0","1","0","0","1"
"238","Italy","Nigeria",2,1,1978,"UEFA",1737,"CAF",1994,"CONCACAF","0","0","1","0","0"
"239","Brazil","Netherlands",3,2,1961,"CONMEBOL",1986,"UEFA",1994,"CONCACAF","0","0","1","0","0"
"240","Italy","Spain",2,1,1978,"UEFA",1881,"UEFA",1994,"CONCACAF","0","0","1","0","0"
"241","Bulgaria","Germany",2,1,1777,"UEFA",1997,"UEFA",1994,"CONCACAF","0","0","1","0","0"
"242","Romania","Sweden",2,2,1834,"UEFA",1900,"UEFA",1994,"CONCACAF","0","0","0","0","1"
"243","Brazil","Sweden",1,0,1961,"CONMEBOL",1900,"UEFA",1994,"CONCACAF","0","0","1","0","0"
"244","Italy","Bulgaria",2,1,1978,"UEFA",1777,"UEFA",1994,"CONCACAF","0","0","1","0","0"
"245","Sweden","Bulgaria",4,0,1900,"UEFA",1777,"UEFA",1994,"CONCACAF","0","0","1","0","0"
"246","Brazil","Italy",0,0,1961,"CONMEBOL",1978,"UEFA",1994,"CONCACAF","0","0","0","0","1"
"247","Brazil","Scotland",2,1,2095,"CONMEBOL",1777,"UEFA",1998,"UEFA","0","1","1","0","0"
"248","Morocco","Norway",2,2,1730,"CAF",1903,"UEFA",1998,"UEFA","0","1","0","0","1"
"249","Brazil","Morocco",3,0,2095,"CONMEBOL",1730,"CAF",1998,"UEFA","0","0","1","0","0"
"250","Norway","Scotland",1,1,1903,"UEFA",1777,"UEFA",1998,"UEFA","1","1","0","0","1"
"251","Morocco","Scotland",3,0,1730,"CAF",1777,"UEFA",1998,"UEFA","0","1","1","0","0"
"252","Norway","Brazil",2,1,1903,"UEFA",2095,"CONMEBOL",1998,"UEFA","1","0","1","0","0"
"253","Austria","Cameroon",1,1,1716,"UEFA",1582,"CAF",1998,"UEFA","1","0","0","0","1"
"254","Chile","Italy",2,2,1780,"CONMEBOL",1982,"UEFA",1998,"UEFA","0","1","0","0","1"
"255","Austria","Chile",1,1,1716,"UEFA",1780,"CONMEBOL",1998,"UEFA","1","0","0","0","1"
"256","Italy","Cameroon",3,0,1982,"UEFA",1582,"CAF",1998,"UEFA","1","0","1","0","0"
"257","Cameroon","Chile",1,1,1582,"CAF",1780,"CONMEBOL",1998,"UEFA","0","0","0","0","1"
"258","Italy","Austria",2,1,1982,"UEFA",1716,"UEFA",1998,"UEFA","1","1","1","0","0"
"259","Denmark","Saudi Arabia",1,0,1898,"UEFA",1644,"AFC",1998,"UEFA","1","0","1","0","0"
"260","France","South Africa",3,0,2000,"UEFA",1656,"CAF",1998,"UEFA","1","0","1","0","0"
"261","Denmark","South Africa",1,1,1898,"UEFA",1656,"CAF",1998,"UEFA","1","0","0","0","1"
"262","France","Saudi Arabia",4,0,2000,"UEFA",1644,"AFC",1998,"UEFA","1","0","1","0","0"
"263","France","Denmark",2,1,2000,"UEFA",1898,"UEFA",1998,"UEFA","1","1","1","0","0"
"264","Saudi Arabia","South Africa",2,2,1644,"AFC",1656,"CAF",1998,"UEFA","0","0","0","0","1"
"265","Bulgaria","Paraguay",0,0,1803,"UEFA",1747,"CONMEBOL",1998,"UEFA","1","0","0","0","1"
"266","Nigeria","Spain",3,2,1713,"CAF",2037,"UEFA",1998,"UEFA","0","1","1","0","0"
"267","Nigeria","Bulgaria",1,0,1713,"CAF",1803,"UEFA",1998,"UEFA","0","1","1","0","0"
"268","Paraguay","Spain",0,0,1747,"CONMEBOL",2037,"UEFA",1998,"UEFA","0","1","0","0","1"
"269","Paraguay","Nigeria",3,1,1747,"CONMEBOL",1713,"CAF",1998,"UEFA","0","0","1","0","0"
"270","Spain","Bulgaria",6,1,2037,"UEFA",1803,"UEFA",1998,"UEFA","1","1","1","0","0"
"271","Mexico","South Korea",3,1,1851,"CONCACAF",1771,"AFC",1998,"UEFA","0","0","1","0","0"
"272","Belgium","Netherlands",0,0,1805,"UEFA",1957,"UEFA",1998,"UEFA","1","1","0","0","1"
"273","Belgium","Mexico",2,2,1805,"UEFA",1851,"CONCACAF",1998,"UEFA","1","0","0","0","1"
"274","Netherlands","South Korea",5,0,1957,"UEFA",1771,"AFC",1998,"UEFA","1","0","1","0","0"
"275","Belgium","South Korea",1,1,1805,"UEFA",1771,"AFC",1998,"UEFA","1","0","0","0","1"
"276","Mexico","Netherlands",2,2,1851,"CONCACAF",1957,"UEFA",1998,"UEFA","0","1","0","0","1"
"277","Yugoslavia","Iran",1,0,1970,"UEFA",1652,"AFC",1998,"UEFA","1","0","1","0","0"
"278","Germany","United States",2,0,2060,"UEFA",1760,"CONCACAF",1998,"UEFA","1","0","1","0","0"
"279","Germany","Yugoslavia",2,2,2060,"UEFA",1970,"UEFA",1998,"UEFA","1","1","0","0","1"
"280","Iran","United States",2,1,1652,"AFC",1760,"CONCACAF",1998,"UEFA","0","0","1","0","0"
"281","Germany","Iran",2,0,2060,"UEFA",1652,"AFC",1998,"UEFA","1","0","1","0","0"
"282","Yugoslavia","United States",1,0,1970,"UEFA",1760,"CONCACAF",1998,"UEFA","1","0","1","0","0"
"283","England","Tunisia",2,0,1972,"UEFA",1629,"CAF",1998,"UEFA","1","0","1","0","0"
"284","Romania","Colombia",1,0,1871,"UEFA",1770,"CONMEBOL",1998,"UEFA","1","0","1","0","0"
"285","Colombia","Tunisia",1,0,1770,"CONMEBOL",1629,"CAF",1998,"UEFA","0","0","1","0","0"
"286","Romania","England",2,1,1871,"UEFA",1972,"UEFA",1998,"UEFA","1","1","1","0","0"
"287","England","Colombia",2,0,1972,"UEFA",1770,"CONMEBOL",1998,"UEFA","1","0","1","0","0"
"288","Romania","Tunisia",1,1,1871,"UEFA",1629,"CAF",1998,"UEFA","1","0","0","0","1"
"289","Argentina","Japan",1,0,1889,"CONMEBOL",1741,"AFC",1998,"UEFA","0","0","1","0","0"
"290","Croatia","Jamaica",3,1,1853,"UEFA",1649,"CONCACAF",1998,"UEFA","1","0","1","0","0"
"291","Croatia","Japan",1,0,1853,"UEFA",1741,"AFC",1998,"UEFA","1","0","1","0","0"
"292","Argentina","Jamaica",5,0,1889,"CONMEBOL",1649,"CONCACAF",1998,"UEFA","0","0","1","0","0"
"293","Argentina","Croatia",1,0,1889,"CONMEBOL",1853,"UEFA",1998,"UEFA","0","1","1","0","0"
"294","Jamaica","Japan",2,1,1649,"CONCACAF",1741,"AFC",1998,"UEFA","0","0","1","0","0"
"295","Brazil","Chile",4,1,2095,"CONMEBOL",1780,"CONMEBOL",1998,"UEFA","0","0","1","0","0"
"296","Italy","Norway",1,0,1982,"UEFA",1903,"UEFA",1998,"UEFA","1","1","1","0","0"
"297","Denmark","Nigeria",4,1,1898,"UEFA",1713,"CAF",1998,"UEFA","1","0","1","0","0"
"298","France","Paraguay",1,0,2000,"UEFA",1747,"CONMEBOL",1998,"UEFA","1","0","1","0","0"
"299","Germany","Mexico",2,1,2060,"UEFA",1851,"CONCACAF",1998,"UEFA","1","0","1","0","0"
"300","Netherlands","Yugoslavia",2,1,1957,"UEFA",1970,"UEFA",1998,"UEFA","1","1","1","0","0"
"301","Argentina","England",2,2,1889,"CONMEBOL",1972,"UEFA",1998,"UEFA","0","1","0","0","1"
"302","Croatia","Romania",1,0,1853,"UEFA",1871,"UEFA",1998,"UEFA","1","1","1","0","0"
"303","Brazil","Denmark",3,2,2095,"CONMEBOL",1898,"UEFA",1998,"UEFA","0","1","1","0","0"
"304","France","Italy",0,0,2000,"UEFA",1982,"UEFA",1998,"UEFA","1","1","0","0","1"
"305","Croatia","Germany",3,0,1853,"UEFA",2060,"UEFA",1998,"UEFA","1","1","1","0","0"
"306","Netherlands","Argentina",2,1,1957,"UEFA",1889,"CONMEBOL",1998,"UEFA","1","0","1","0","0"
"307","Brazil","Netherlands",1,1,2095,"CONMEBOL",1957,"UEFA",1998,"UEFA","0","1","0","0","1"
"308","France","Croatia",2,1,2000,"UEFA",1853,"UEFA",1998,"UEFA","1","1","1","0","0"
"309","Croatia","Netherlands",2,1,1853,"UEFA",1957,"UEFA",1998,"UEFA","1","1","1","0","0"
"310","France","Brazil",3,0,2000,"UEFA",2095,"CONMEBOL",1998,"UEFA","1","0","1","0","0"
"311","Senegal","France",1,0,1757,"CAF",2042,"UEFA",2002,"AFC","0","0","1","0","0"
"312","Denmark","Uruguay",2,1,1909,"UEFA",1787,"CONMEBOL",2002,"AFC","0","0","1","0","0"
"313","Denmark","Senegal",1,1,1909,"UEFA",1757,"CAF",2002,"AFC","0","0","0","0","1"
"314","France","Uruguay",0,0,2042,"UEFA",1787,"CONMEBOL",2002,"AFC","0","0","0","0","1"
"315","Denmark","France",2,0,1909,"UEFA",2042,"UEFA",2002,"AFC","0","0","1","0","0"
"316","Senegal","Uruguay",3,3,1757,"CAF",1787,"CONMEBOL",2002,"AFC","0","0","0","0","1"
"317","Paraguay","South Africa",2,2,1729,"CONMEBOL",1647,"CAF",2002,"AFC","0","0","0","0","1"
"318","Spain","Slovenia",3,1,1963,"UEFA",1743,"UEFA",2002,"AFC","0","0","1","0","0"
"319","Spain","Paraguay",3,1,1963,"UEFA",1729,"CONMEBOL",2002,"AFC","0","0","1","0","0"
"320","South Africa","Slovenia",1,0,1647,"CAF",1743,"UEFA",2002,"AFC","0","0","1","0","0"
"321","Paraguay","Slovenia",3,1,1729,"CONMEBOL",1743,"UEFA",2002,"AFC","0","0","1","0","0"
"322","Spain","South Africa",3,2,1963,"UEFA",1647,"CAF",2002,"AFC","0","0","1","0","0"
"323","Brazil","Turkey",2,1,1866,"CONMEBOL",1756,"UEFA",2002,"AFC","0","0","1","0","0"
"324","Costa Rica","China",2,0,1756,"CONCACAF",1700,"AFC",2002,"AFC","0","1","1","0","0"
"325","Brazil","China",4,0,1866,"CONMEBOL",1700,"AFC",2002,"AFC","0","1","1","0","0"
"326","Costa Rica","Turkey",1,1,1756,"CONCACAF",1756,"UEFA",2002,"AFC","0","0","0","0","1"
"327","Brazil","Costa Rica",5,2,1866,"CONMEBOL",1756,"CONCACAF",2002,"AFC","0","0","1","0","0"
"328","Turkey","China",3,0,1756,"UEFA",1700,"AFC",2002,"AFC","0","1","1","0","0"
"329","South Korea","Poland",2,0,1734,"AFC",1732,"UEFA",2002,"AFC","1","0","1","0","0"
"330","United States","Portugal",3,2,1809,"CONCACAF",1979,"UEFA",2002,"AFC","0","0","1","0","0"
"331","Portugal","Poland",4,0,1979,"UEFA",1732,"UEFA",2002,"AFC","0","0","1","0","0"
"332","South Korea","United States",1,1,1734,"AFC",1809,"CONCACAF",2002,"AFC","1","0","0","0","1"
"333","Poland","United States",3,1,1732,"UEFA",1809,"CONCACAF",2002,"AFC","0","0","1","0","0"
"334","South Korea","Portugal",1,0,1734,"AFC",1979,"UEFA",2002,"AFC","1","0","1","0","0"
"335","Germany","Saudi Arabia",8,0,1909,"UEFA",1666,"AFC",2002,"AFC","0","1","1","0","0"
"336","Cameroon","Ireland",1,1,1814,"CAF",1868,"UEFA",2002,"AFC","0","0","0","0","1"
"337","Germany","Ireland",1,1,1909,"UEFA",1868,"UEFA",2002,"AFC","0","0","0","0","1"
"338","Cameroon","Saudi Arabia",1,0,1814,"CAF",1666,"AFC",2002,"AFC","0","1","1","0","0"
"339","Germany","Cameroon",2,0,1909,"UEFA",1814,"CAF",2002,"AFC","0","0","1","0","0"
"340","Ireland","Saudi Arabia",3,0,1868,"UEFA",1666,"AFC",2002,"AFC","0","1","1","0","0"
"341","Argentina","Nigeria",1,0,2015,"CONMEBOL",1769,"CAF",2002,"AFC","0","0","1","0","0"
"342","England","Sweden",1,1,1924,"UEFA",1864,"UEFA",2002,"AFC","0","0","0","0","1"
"343","England","Argentina",1,0,1924,"UEFA",2015,"CONMEBOL",2002,"AFC","0","0","1","0","0"
"344","Sweden","Nigeria",2,1,1864,"UEFA",1769,"CAF",2002,"AFC","0","0","1","0","0"
"345","England","Nigeria",0,0,1924,"UEFA",1769,"CAF",2002,"AFC","0","0","0","0","1"
"346","Argentina","Sweden",1,1,2015,"CONMEBOL",1864,"UEFA",2002,"AFC","0","0","0","0","1"
"347","Italy","Ecuador",2,0,2009,"UEFA",1726,"CONMEBOL",2002,"AFC","0","0","1","0","0"
"348","Mexico","Croatia",1,0,1831,"CONCACAF",1880,"UEFA",2002,"AFC","0","0","1","0","0"
"349","Croatia","Italy",2,1,1880,"UEFA",2009,"UEFA",2002,"AFC","0","0","1","0","0"
"350","Mexico","Ecuador",2,1,1831,"CONCACAF",1726,"CONMEBOL",2002,"AFC","0","0","1","0","0"
"351","Ecuador","Croatia",1,0,1726,"CONMEBOL",1880,"UEFA",2002,"AFC","0","0","1","0","0"
"352","Italy","Mexico",1,1,2009,"UEFA",1831,"CONCACAF",2002,"AFC","0","0","0","0","1"
"353","Japan","Belgium",2,2,1853,"AFC",1839,"UEFA",2002,"AFC","1","0","0","0","1"
"354","Russia","Tunisia",2,0,1800,"UEFA",1626,"CAF",2002,"AFC","0","0","1","0","0"
"355","Japan","Russia",1,0,1853,"AFC",1800,"UEFA",2002,"AFC","1","0","1","0","0"
"356","Belgium","Tunisia",1,1,1839,"UEFA",1626,"CAF",2002,"AFC","0","0","0","0","1"
"357","Belgium","Russia",3,2,1839,"UEFA",1800,"UEFA",2002,"AFC","0","0","1","0","0"
"358","Japan","Tunisia",2,0,1853,"AFC",1626,"CAF",2002,"AFC","1","0","1","0","0"
"359","England","Denmark",3,0,1924,"UEFA",1909,"UEFA",2002,"AFC","0","0","1","0","0"
"360","Germany","Paraguay",1,0,1909,"UEFA",1729,"CONMEBOL",2002,"AFC","0","0","1","0","0"
"361","Ireland","Spain",1,1,1868,"UEFA",1963,"UEFA",2002,"AFC","0","0","0","0","1"
"362","Senegal","Sweden",2,1,1757,"CAF",1864,"UEFA",2002,"AFC","0","0","1","0","0"
"363","Brazil","Belgium",2,0,1866,"CONMEBOL",1839,"UEFA",2002,"AFC","0","0","1","0","0"
"364","United States","Mexico",2,0,1809,"CONCACAF",1831,"CONCACAF",2002,"AFC","0","0","1","0","0"
"365","Japan","Turkey",0,1,1853,"AFC",1756,"UEFA",2002,"AFC","1","0","0","1","0"
"366","South Korea","Italy",2,1,1734,"AFC",2009,"UEFA",2002,"AFC","1","0","1","0","0"
"367","Brazil","England",2,1,1866,"CONMEBOL",1924,"UEFA",2002,"AFC","0","0","1","0","0"
"368","Germany","United States",1,0,1909,"UEFA",1809,"CONCACAF",2002,"AFC","0","0","1","0","0"
"369","South Korea","Spain",0,0,1734,"AFC",1963,"UEFA",2002,"AFC","1","0","0","0","1"
"370","Turkey","Senegal",1,0,1756,"UEFA",1757,"CAF",2002,"AFC","0","0","1","0","0"
"371","South Korea","Germany",0,1,1734,"AFC",1909,"UEFA",2002,"AFC","1","0","0","1","0"
"372","Brazil","Turkey",1,0,1866,"CONMEBOL",1756,"UEFA",2002,"AFC","0","0","1","0","0"
"373","South Korea","Turkey",2,3,1734,"AFC",1756,"UEFA",2002,"AFC","1","0","0","1","0"
"374","Brazil","Germany",2,0,1866,"CONMEBOL",1909,"UEFA",2002,"AFC","0","0","1","0","0"
"375","Ecuador","Poland",2,0,1698,"CONMEBOL",1811,"UEFA",2006,"UEFA","0","1","1","0","0"
"376","Germany","Costa Rica",4,2,1889,"UEFA",1723,"CONCACAF",2006,"UEFA","1","0","1","0","0"
"377","Germany","Poland",1,0,1889,"UEFA",1811,"UEFA",2006,"UEFA","1","1","1","0","0"
"378","Ecuador","Costa Rica",3,0,1698,"CONMEBOL",1723,"CONCACAF",2006,"UEFA","0","0","1","0","0"
"379","Germany","Ecuador",3,0,1889,"UEFA",1698,"CONMEBOL",2006,"UEFA","1","0","1","0","0"
"380","Poland","Costa Rica",2,1,1811,"UEFA",1723,"CONCACAF",2006,"UEFA","1","0","1","0","0"
"381","England","Paraguay",1,0,1969,"UEFA",1779,"CONMEBOL",2006,"UEFA","1","0","1","0","0"
"382","Sweden","Trinidad and Tobago",0,0,1866,"UEFA",1570,"CONCACAF",2006,"UEFA","1","0","0","0","1"
"383","England","Trinidad and Tobago",2,0,1969,"UEFA",1570,"CONCACAF",2006,"UEFA","1","0","1","0","0"
"384","Sweden","Paraguay",1,0,1866,"UEFA",1779,"CONMEBOL",2006,"UEFA","1","0","1","0","0"
"385","Paraguay","Trinidad and Tobago",2,0,1779,"CONMEBOL",1570,"CONCACAF",2006,"UEFA","0","0","1","0","0"
"386","England","Sweden",2,2,1969,"UEFA",1866,"UEFA",2006,"UEFA","1","1","0","0","1"
"387","Argentina","Ivory Coast",2,1,1922,"CONMEBOL",1758,"CAF",2006,"UEFA","0","0","1","0","0"
"388","Netherlands","Serbia and Montenegro",1,0,2002,"UEFA",1799,"UEFA",2006,"UEFA","1","1","1","0","0"
"389","Argentina","Serbia and Montenegro",6,0,1922,"CONMEBOL",1799,"UEFA",2006,"UEFA","0","1","1","0","0"
"390","Netherlands","Ivory Coast",2,1,2002,"UEFA",1758,"CAF",2006,"UEFA","1","0","1","0","0"
"391","Argentina","Netherlands",0,0,1922,"CONMEBOL",2002,"UEFA",2006,"UEFA","0","1","0","0","1"
"392","Ivory Coast","Serbia and Montenegro",3,2,1758,"CAF",1799,"UEFA",2006,"UEFA","0","1","1","0","0"
"393","Mexico","Iran",3,1,1837,"CONCACAF",1813,"AFC",2006,"UEFA","0","0","1","0","0"
"394","Portugal","Angola",1,0,1915,"UEFA",1573,"CAF",2006,"UEFA","1","0","1","0","0"
"395","Angola","Mexico",0,0,1573,"CAF",1837,"CONCACAF",2006,"UEFA","0","0","0","0","1"
"396","Portugal","Iran",2,0,1915,"UEFA",1813,"AFC",2006,"UEFA","1","0","1","0","0"
"397","Angola","Iran",1,1,1573,"CAF",1813,"AFC",2006,"UEFA","0","0","0","0","1"
"398","Portugal","Mexico",2,1,1915,"UEFA",1837,"CONCACAF",2006,"UEFA","1","0","1","0","0"
"399","Czech Republic","United States",3,0,1970,"UEFA",1834,"CONCACAF",2006,"UEFA","1","0","1","0","0"
"400","Italy","Ghana",2,0,1948,"UEFA",1597,"CAF",2006,"UEFA","1","0","1","0","0"
"401","Ghana","Czech Republic",2,0,1597,"CAF",1970,"UEFA",2006,"UEFA","0","1","1","0","0"
"402","Italy","United States",1,1,1948,"UEFA",1834,"CONCACAF",2006,"UEFA","1","0","0","0","1"
"403","Ghana","United States",2,1,1597,"CAF",1834,"CONCACAF",2006,"UEFA","0","0","1","0","0"
"404","Italy","Czech Republic",2,0,1948,"UEFA",1970,"UEFA",2006,"UEFA","1","1","1","0","0"
"405","Australia","Japan",3,1,1794,"AFC",1788,"AFC",2006,"UEFA","0","0","1","0","0"
"406","Brazil","Croatia",1,0,2032,"CONMEBOL",1855,"UEFA",2006,"UEFA","0","1","1","0","0"
"407","Brazil","Australia",2,0,2032,"CONMEBOL",1794,"AFC",2006,"UEFA","0","0","1","0","0"
"408","Croatia","Japan",0,0,1855,"UEFA",1788,"AFC",2006,"UEFA","1","0","0","0","1"
"409","Australia","Croatia",2,2,1794,"AFC",1855,"UEFA",2006,"UEFA","0","1","0","0","1"
"410","Brazil","Japan",4,1,2032,"CONMEBOL",1788,"AFC",2006,"UEFA","0","0","1","0","0"
"411","France","Switzerland",0,0,1970,"UEFA",1793,"UEFA",2006,"UEFA","1","1","0","0","1"
"412","South Korea","Togo",2,1,1751,"AFC",1487,"CAF",2006,"UEFA","0","0","1","0","0"
"413","France","South Korea",1,1,1970,"UEFA",1751,"AFC",2006,"UEFA","1","0","0","0","1"
"414","Switzerland","Togo",2,0,1793,"UEFA",1487,"CAF",2006,"UEFA","1","0","1","0","0"
"415","France","Togo",2,0,1970,"UEFA",1487,"CAF",2006,"UEFA","1","0","1","0","0"
"416","Switzerland","South Korea",2,0,1793,"UEFA",1751,"AFC",2006,"UEFA","1","0","1","0","0"
"417","Saudi Arabia","Tunisia",2,2,1584,"AFC",1707,"CAF",2006,"UEFA","0","0","0","0","1"
"418","Spain","Ukraine",4,0,1954,"UEFA",1779,"UEFA",2006,"UEFA","1","1","1","0","0"
"419","Spain","Tunisia",3,1,1954,"UEFA",1707,"CAF",2006,"UEFA","1","0","1","0","0"
"420","Ukraine","Saudi Arabia",4,0,1779,"UEFA",1584,"AFC",2006,"UEFA","1","0","1","0","0"
"421","Spain","Saudi Arabia",1,0,1954,"UEFA",1584,"AFC",2006,"UEFA","1","0","1","0","0"
"422","Ukraine","Tunisia",1,0,1779,"UEFA",1707,"CAF",2006,"UEFA","1","0","1","0","0"
"423","Argentina","Mexico",2,1,1922,"CONMEBOL",1837,"CONCACAF",2006,"UEFA","0","0","1","0","0"
"424","Germany","Sweden",2,0,1889,"UEFA",1866,"UEFA",2006,"UEFA","1","1","1","0","0"
"425","England","Ecuador",1,0,1969,"UEFA",1698,"CONMEBOL",2006,"UEFA","1","0","1","0","0"
"426","Portugal","Netherlands",1,0,1915,"UEFA",2002,"UEFA",2006,"UEFA","1","1","1","0","0"
"427","Italy","Australia",1,0,1948,"UEFA",1794,"AFC",2006,"UEFA","1","0","1","0","0"
"428","Switzerland","Ukraine",0,0,1793,"UEFA",1779,"UEFA",2006,"UEFA","1","1","0","0","1"
"429","Brazil","Ghana",3,0,2032,"CONMEBOL",1597,"CAF",2006,"UEFA","0","0","1","0","0"
"430","France","Spain",3,1,1970,"UEFA",1954,"UEFA",2006,"UEFA","1","1","1","0","0"
"431","Germany","Argentina",1,1,1889,"UEFA",1922,"CONMEBOL",2006,"UEFA","1","0","0","0","1"
"432","Italy","Ukraine",3,0,1948,"UEFA",1779,"UEFA",2006,"UEFA","1","1","1","0","0"
"433","France","Brazil",1,0,1970,"UEFA",2032,"CONMEBOL",2006,"UEFA","1","0","1","0","0"
"434","England","Portugal",0,0,1969,"UEFA",1915,"UEFA",2006,"UEFA","1","1","0","0","1"
"435","Germany","Italy",0,2,1889,"UEFA",1948,"UEFA",2006,"UEFA","1","1","0","1","0"
"436","France","Portugal",1,0,1970,"UEFA",1915,"UEFA",2006,"UEFA","1","1","1","0","0"
"437","Germany","Portugal",3,1,1889,"UEFA",1915,"UEFA",2006,"UEFA","1","1","1","0","0"
"438","France","Italy",1,1,1970,"UEFA",1948,"UEFA",2006,"UEFA","1","1","0","0","1"
"439","South Africa","Mexico",1,1,1583,"CAF",1889,"CONCACAF",2010,"CAF","1","0","0","0","1"
"440","France","Uruguay",0,0,1878,"UEFA",1844,"CONMEBOL",2010,"CAF","0","0","0","0","1"
"441","South Africa","Uruguay",0,3,1583,"CAF",1844,"CONMEBOL",2010,"CAF","1","0","0","1","0"
"442","Mexico","France",2,0,1889,"CONCACAF",1878,"UEFA",2010,"CAF","0","0","1","0","0"
"443","South Africa","France",2,1,1583,"CAF",1878,"UEFA",2010,"CAF","1","0","1","0","0"
"444","Uruguay","Mexico",1,0,1844,"CONMEBOL",1889,"CONCACAF",2010,"CAF","0","0","1","0","0"
"445","Argentina","Nigeria",1,0,1920,"CONMEBOL",1707,"CAF",2010,"CAF","0","1","1","0","0"
"446","South Korea","Greece",2,0,1767,"AFC",1751,"UEFA",2010,"CAF","0","0","1","0","0"
"447","Argentina","South Korea",4,1,1920,"CONMEBOL",1767,"AFC",2010,"CAF","0","0","1","0","0"
"448","Greece","Nigeria",2,1,1751,"UEFA",1707,"CAF",2010,"CAF","0","1","1","0","0"
"449","Argentina","Greece",2,0,1920,"CONMEBOL",1751,"UEFA",2010,"CAF","0","0","1","0","0"
"450","Nigeria","South Korea",2,2,1707,"CAF",1767,"AFC",2010,"CAF","1","0","0","0","1"
"451","England","United States",1,1,2001,"UEFA",1770,"CONCACAF",2010,"CAF","0","0","0","0","1"
"452","Slovenia","Algeria",1,0,1680,"UEFA",1537,"CAF",2010,"CAF","0","1","1","0","0"
"453","Algeria","England",0,0,1537,"CAF",2001,"UEFA",2010,"CAF","1","0","0","0","1"
"454","Slovenia","United States",2,2,1680,"UEFA",1770,"CONCACAF",2010,"CAF","0","0","0","0","1"
"455","England","Slovenia",1,0,2001,"UEFA",1680,"UEFA",2010,"CAF","0","0","1","0","0"
"456","United States","Algeria",1,0,1770,"CONCACAF",1537,"CAF",2010,"CAF","0","1","1","0","0"
"457","Germany","Australia",4,0,1954,"UEFA",1792,"AFC",2010,"CAF","0","0","1","0","0"
"458","Ghana","Serbia",1,0,1686,"CAF",1842,"UEFA",2010,"CAF","1","0","1","0","0"
"459","Serbia","Germany",1,0,1842,"UEFA",1954,"UEFA",2010,"CAF","0","0","1","0","0"
"460","Australia","Ghana",1,1,1792,"AFC",1686,"CAF",2010,"CAF","0","1","0","0","1"
"461","Australia","Serbia",2,1,1792,"AFC",1842,"UEFA",2010,"CAF","0","0","1","0","0"
"462","Germany","Ghana",1,0,1954,"UEFA",1686,"CAF",2010,"CAF","0","1","1","0","0"
"463","Japan","Cameroon",1,0,1702,"AFC",1700,"CAF",2010,"CAF","0","1","1","0","0"
"464","Netherlands","Denmark",2,0,2041,"UEFA",1792,"UEFA",2010,"CAF","0","0","1","0","0"
"465","Denmark","Cameroon",2,1,1792,"UEFA",1700,"CAF",2010,"CAF","0","1","1","0","0"
"466","Netherlands","Japan",1,0,2041,"UEFA",1702,"AFC",2010,"CAF","0","0","1","0","0"
"467","Japan","Denmark",3,1,1702,"AFC",1792,"UEFA",2010,"CAF","0","0","1","0","0"
"468","Netherlands","Cameroon",2,1,2041,"UEFA",1700,"CAF",2010,"CAF","0","1","1","0","0"
"469","Italy","Paraguay",1,1,1951,"UEFA",1750,"CONMEBOL",2010,"CAF","0","0","0","0","1"
"470","New Zealand","Slovakia",1,1,1540,"OFC",1656,"UEFA",2010,"CAF","0","0","0","0","1"
"471","Italy","New Zealand",1,1,1951,"UEFA",1540,"OFC",2010,"CAF","0","0","0","0","1"
"472","Paraguay","Slovakia",2,0,1750,"CONMEBOL",1656,"UEFA",2010,"CAF","0","0","1","0","0"
"473","New Zealand","Paraguay",0,0,1540,"OFC",1750,"CONMEBOL",2010,"CAF","0","0","0","0","1"
"474","Slovakia","Italy",3,2,1656,"UEFA",1951,"UEFA",2010,"CAF","0","0","1","0","0"
"475","Brazil","North Korea",2,1,2108,"CONMEBOL",1540,"AFC",2010,"CAF","0","0","1","0","0"
"476","Ivory Coast","Portugal",0,0,1728,"CAF",1874,"UEFA",2010,"CAF","1","0","0","0","1"
"477","Brazil","Ivory Coast",3,1,2108,"CONMEBOL",1728,"CAF",2010,"CAF","0","1","1","0","0"
"478","Portugal","North Korea",7,0,1874,"UEFA",1540,"AFC",2010,"CAF","0","0","1","0","0"
"479","Ivory Coast","North Korea",3,0,1728,"CAF",1540,"AFC",2010,"CAF","1","0","1","0","0"
"480","Brazil","Portugal",0,0,2108,"CONMEBOL",1874,"UEFA",2010,"CAF","0","0","0","0","1"
"481","Chile","Honduras",1,0,1875,"CONMEBOL",1740,"CONCACAF",2010,"CAF","0","0","1","0","0"
"482","Switzerland","Spain",1,0,1759,"UEFA",2108,"UEFA",2010,"CAF","0","0","1","0","0"
"483","Chile","Switzerland",1,0,1875,"CONMEBOL",1759,"UEFA",2010,"CAF","0","0","1","0","0"
"484","Spain","Honduras",2,0,2108,"UEFA",1740,"CONCACAF",2010,"CAF","0","0","1","0","0"
"485","Honduras","Switzerland",0,0,1740,"CONCACAF",1759,"UEFA",2010,"CAF","0","0","0","0","1"
"486","Spain","Chile",2,1,2108,"UEFA",1875,"CONMEBOL",2010,"CAF","0","0","1","0","0"
"487","Ghana","United States",2,1,1686,"CAF",1770,"CONCACAF",2010,"CAF","1","0","1","0","0"
"488","Uruguay","South Korea",2,1,1844,"CONMEBOL",1767,"AFC",2010,"CAF","0","0","1","0","0"
"489","Argentina","Mexico",3,1,1920,"CONMEBOL",1889,"CONCACAF",2010,"CAF","0","0","1","0","0"
"490","Germany","England",4,1,1954,"UEFA",2001,"UEFA",2010,"CAF","0","0","1","0","0"
"491","Brazil","Chile",3,0,2108,"CONMEBOL",1875,"CONMEBOL",2010,"CAF","0","0","1","0","0"
"492","Netherlands","Slovakia",2,1,2041,"UEFA",1656,"UEFA",2010,"CAF","0","0","1","0","0"
"493","Japan","Paraguay",0,0,1702,"AFC",1750,"CONMEBOL",2010,"CAF","0","0","0","0","1"
"494","Spain","Portugal",1,0,2108,"UEFA",1874,"UEFA",2010,"CAF","0","0","1","0","0"
"495","Netherlands","Brazil",2,1,2041,"UEFA",2108,"CONMEBOL",2010,"CAF","0","0","1","0","0"
"496","Ghana","Uruguay",1,1,1686,"CAF",1844,"CONMEBOL",2010,"CAF","1","0","0","0","1"
"497","Germany","Argentina",4,0,1954,"UEFA",1920,"CONMEBOL",2010,"CAF","0","0","1","0","0"
"498","Spain","Paraguay",1,0,2108,"UEFA",1750,"CONMEBOL",2010,"CAF","0","0","1","0","0"
"499","Netherlands","Uruguay",3,2,2041,"UEFA",1844,"CONMEBOL",2010,"CAF","0","0","1","0","0"
"500","Spain","Germany",1,0,2108,"UEFA",1954,"UEFA",2010,"CAF","0","0","1","0","0"
"501","Germany","Uruguay",3,2,1954,"UEFA",1844,"CONMEBOL",2010,"CAF","0","0","1","0","0"
"502","Spain","Netherlands",1,0,2108,"UEFA",2041,"UEFA",2010,"CAF","0","0","1","0","0"
"503","Brazil","Croatia",3,1,2134,"CONMEBOL",1813,"UEFA",2014,"CONMEBOL","1","0","1","0","0"
"504","Mexico","Cameroon",1,0,1834,"CONCACAF",1612,"CAF",2014,"CONMEBOL","0","0","1","0","0"
"505","Brazil","Mexico",0,0,2134,"CONMEBOL",1834,"CONCACAF",2014,"CONMEBOL","1","0","0","0","1"
"506","Croatia","Cameroon",4,0,1813,"UEFA",1612,"CAF",2014,"CONMEBOL","0","0","1","0","0"
"507","Brazil","Cameroon",4,1,2134,"CONMEBOL",1612,"CAF",2014,"CONMEBOL","1","0","1","0","0"
"508","Mexico","Croatia",3,1,1834,"CONCACAF",1813,"UEFA",2014,"CONMEBOL","0","0","1","0","0"
"509","Chile","Australia",3,1,1919,"CONMEBOL",1716,"AFC",2014,"CONMEBOL","1","0","1","0","0"
"510","Netherlands","Spain",5,1,1984,"UEFA",2108,"UEFA",2014,"CONMEBOL","0","0","1","0","0"
"511","Chile","Spain",2,0,1919,"CONMEBOL",2108,"UEFA",2014,"CONMEBOL","1","0","1","0","0"
"512","Netherlands","Australia",3,2,1984,"UEFA",1716,"AFC",2014,"CONMEBOL","0","0","1","0","0"
"513","Netherlands","Chile",2,0,1984,"UEFA",1919,"CONMEBOL",2014,"CONMEBOL","0","1","1","0","0"
"514","Spain","Australia",3,0,2108,"UEFA",1716,"AFC",2014,"CONMEBOL","0","0","1","0","0"
"515","Colombia","Greece",3,0,1917,"CONMEBOL",1823,"UEFA",2014,"CONMEBOL","1","0","1","0","0"
"516","Ivory Coast","Japan",2,1,1773,"CAF",1769,"AFC",2014,"CONMEBOL","0","0","1","0","0"
"517","Colombia","Ivory Coast",2,1,1917,"CONMEBOL",1773,"CAF",2014,"CONMEBOL","1","0","1","0","0"
"518","Greece","Japan",0,0,1823,"UEFA",1769,"AFC",2014,"CONMEBOL","0","0","0","0","1"
"519","Colombia","Japan",4,1,1917,"CONMEBOL",1769,"AFC",2014,"CONMEBOL","1","0","1","0","0"
"520","Greece","Ivory Coast",2,1,1823,"UEFA",1773,"CAF",2014,"CONMEBOL","0","0","1","0","0"
"521","Costa Rica","Uruguay",3,1,1726,"CONCACAF",1916,"CONMEBOL",2014,"CONMEBOL","0","1","1","0","0"
"522","Italy","England",2,1,1898,"UEFA",1942,"UEFA",2014,"CONMEBOL","0","0","1","0","0"
"523","Uruguay","England",2,1,1916,"CONMEBOL",1942,"UEFA",2014,"CONMEBOL","1","0","1","0","0"
"524","Costa Rica","Italy",1,0,1726,"CONCACAF",1898,"UEFA",2014,"CONMEBOL","0","0","1","0","0"
"525","Costa Rica","England",0,0,1726,"CONCACAF",1942,"UEFA",2014,"CONMEBOL","0","0","0","0","1"
"526","Uruguay","Italy",1,0,1916,"CONMEBOL",1898,"UEFA",2014,"CONMEBOL","1","0","1","0","0"
"527","France","Honduras",3,0,1895,"UEFA",1663,"CONCACAF",2014,"CONMEBOL","0","0","1","0","0"
"528","Switzerland","Ecuador",2,1,1849,"UEFA",1834,"CONMEBOL",2014,"CONMEBOL","0","1","1","0","0"
"529","Ecuador","Honduras",2,1,1834,"CONMEBOL",1663,"CONCACAF",2014,"CONMEBOL","1","0","1","0","0"
"530","France","Switzerland",5,2,1895,"UEFA",1849,"UEFA",2014,"CONMEBOL","0","0","1","0","0"
"531","Ecuador","France",0,0,1834,"CONMEBOL",1895,"UEFA",2014,"CONMEBOL","1","0","0","0","1"
"532","Switzerland","Honduras",3,0,1849,"UEFA",1663,"CONCACAF",2014,"CONMEBOL","0","0","1","0","0"
"533","Argentina","Bosnia and Herzegovina",2,1,2016,"CONMEBOL",1776,"UEFA",2014,"CONMEBOL","1","0","1","0","0"
"534","Iran","Nigeria",0,0,1708,"AFC",1725,"CAF",2014,"CONMEBOL","0","0","0","0","1"
"535","Argentina","Iran",1,0,2016,"CONMEBOL",1708,"AFC",2014,"CONMEBOL","1","0","1","0","0"
"536","Nigeria","Bosnia and Herzegovina",1,0,1725,"CAF",1776,"UEFA",2014,"CONMEBOL","0","0","1","0","0"
"537","Argentina","Nigeria",3,2,2016,"CONMEBOL",1725,"CAF",2014,"CONMEBOL","1","0","1","0","0"
"538","Bosnia and Herzegovina","Iran",3,1,1776,"UEFA",1708,"AFC",2014,"CONMEBOL","0","0","1","0","0"
"539","Germany","Portugal",4,0,2072,"UEFA",1927,"UEFA",2014,"CONMEBOL","0","0","1","0","0"
"540","United States","Ghana",2,1,1854,"CONCACAF",1692,"CAF",2014,"CONMEBOL","0","0","1","0","0"
"541","Germany","Ghana",2,2,2072,"UEFA",1692,"CAF",2014,"CONMEBOL","0","0","0","0","1"
"542","Portugal","United States",2,2,1927,"UEFA",1854,"CONCACAF",2014,"CONMEBOL","0","0","0","0","1"
"543","Germany","United States",1,0,2072,"UEFA",1854,"CONCACAF",2014,"CONMEBOL","0","0","1","0","0"
"544","Portugal","Ghana",2,1,1927,"UEFA",1692,"CAF",2014,"CONMEBOL","0","0","1","0","0"
"545","Belgium","Algeria",2,1,1850,"UEFA",1615,"CAF",2014,"CONMEBOL","0","0","1","0","0"
"546","Russia","South Korea",1,1,1847,"UEFA",1686,"AFC",2014,"CONMEBOL","0","0","0","0","1"
"547","Algeria","South Korea",4,2,1615,"CAF",1686,"AFC",2014,"CONMEBOL","0","0","1","0","0"
"548","Belgium","Russia",1,0,1850,"UEFA",1847,"UEFA",2014,"CONMEBOL","0","0","1","0","0"
"549","Algeria","Russia",1,1,1615,"CAF",1847,"UEFA",2014,"CONMEBOL","0","0","0","0","1"
"550","Belgium","South Korea",1,0,1850,"UEFA",1686,"AFC",2014,"CONMEBOL","0","0","1","0","0"
"551","Brazil","Chile",1,1,2134,"CONMEBOL",1919,"CONMEBOL",2014,"CONMEBOL","1","1","0","0","1"
"552","Colombia","Uruguay",2,0,1917,"CONMEBOL",1916,"CONMEBOL",2014,"CONMEBOL","1","1","1","0","0"
"553","Costa Rica","Greece",1,1,1726,"CONCACAF",1823,"UEFA",2014,"CONMEBOL","0","0","0","0","1"
"554","Netherlands","Mexico",2,1,1984,"UEFA",1834,"CONCACAF",2014,"CONMEBOL","0","0","1","0","0"
"555","France","Nigeria",2,0,1895,"UEFA",1725,"CAF",2014,"CONMEBOL","0","0","1","0","0"
"556","Germany","Algeria",2,1,2072,"UEFA",1615,"CAF",2014,"CONMEBOL","0","0","1","0","0"
"557","Argentina","Switzerland",1,0,2016,"CONMEBOL",1849,"UEFA",2014,"CONMEBOL","1","0","1","0","0"
"558","Belgium","United States",2,1,1850,"UEFA",1854,"CONCACAF",2014,"CONMEBOL","0","0","1","0","0"
"559","Brazil","Colombia",2,1,2134,"CONMEBOL",1917,"CONMEBOL",2014,"CONMEBOL","1","1","1","0","0"
"560","Germany","France",1,0,2072,"UEFA",1895,"UEFA",2014,"CONMEBOL","0","0","1","0","0"
"561","Argentina","Belgium",1,0,2016,"CONMEBOL",1850,"UEFA",2014,"CONMEBOL","1","0","1","0","0"
"562","Costa Rica","Netherlands",0,0,1726,"CONCACAF",1984,"UEFA",2014,"CONMEBOL","0","0","0","0","1"
"563","Brazil","Germany",1,7,2134,"CONMEBOL",2072,"UEFA",2014,"CONMEBOL","1","0","0","1","0"
"564","Argentina","Netherlands",0,0,2016,"CONMEBOL",1984,"UEFA",2014,"CONMEBOL","1","0","0","0","1"
"565","Brazil","Netherlands",0,3,2134,"CONMEBOL",1984,"UEFA",2014,"CONMEBOL","1","0","0","1","0"
"566","Germany","Argentina",1,0,2072,"UEFA",2016,"CONMEBOL",2014,"CONMEBOL","0","1","1","0","0"
